C4 #,SPO File
205020220224016 ,SPO_20220401_Stem_PO# 11446_Batteries+Spare parts.pdf (https://dl.airtable.com/.attachments/57c074d112046babed34eb308c386597/d939e61f/SPO_20220401_Stem_PO11446_BatteriesSpareparts.pdf)
205020220224036 ,SPO_20220402_Stem_PO#PO# 11447_Batteries+Spare Parts.pdf (https://dl.airtable.com/.attachments/95a165deb1eccadbf82eb769d4f5fce1/5ea5355b/SPO_20220402_Stem_POPO11447_BatteriesSpareParts.pdf)
205020211127008,SPO_20220326_Stem_Regis_Tranche 2 Project 8_PO-11128_11133_Battery.pdf (https://dl.airtable.com/.attachments/c3268b33cebddd4a70b9eb44e9a6d82c/436bc3ab/SPO_20220326_Stem_Regis_Tranche2Project8_PO-11128_11133_Battery.pdf)
205020211127002,SPO_20220324_Stem_Regis_Tranche 2 Project 6_PO-11126_11135_Battery.pdf (https://dl.airtable.com/.attachments/f6562ab353423db0c2e073139d4cbff8/d11f5d63/SPO_20220324_Stem_Regis_Tranche2Project6_PO-11126_11135_Battery.pdf)
205020211230096,SPO_20220329_Stem_Regis_Tranche 3 Project 1_PO-11212_11218-Battery.pdf (https://dl.airtable.com/.attachments/f691b4fa88badff4837198bbad8f2ca7/0a91c1f5/SPO_20220329_Stem_Regis_Tranche3Project1_PO-11212_11218-Battery.pdf)
205020211230110,Download SPO_20220445.pdf (https://dl.airtable.com/.attachments/aca665d1f96edba82eae35a5b3858cef/367e6c8b/DownloadSPO_20220445.pdf)
205020211127006,SPO_20220325_Stem_Regis_Tranche 2 Project 7_PO-11127_11134_Battery.pdf (https://dl.airtable.com/.attachments/1f075f16c569231686b3f1f93ac5b100/885ce0e1/SPO_20220325_Stem_Regis_Tranche2Project7_PO-11127_11134_Battery.pdf)
205020211230100,SPO_20220331_Stem_Regis_Tranche 3 Project 3_PO-11214_11217_Battery.pdf (https://dl.airtable.com/.attachments/bcfb6ff0b0fed791a2864179d32c2a02/f8d54c19/SPO_20220331_Stem_Regis_Tranche3Project3_PO-11214_11217_Battery.pdf)
205020211127010,SPO_20220327_Stem_Regis_Tranche 2 Project 9_PO-11129_11132_Battery.pdf (https://dl.airtable.com/.attachments/d13c92c5ce5c3e031dc8b9255ca7c5ea/57c3b7c8/SPO_20220327_Stem_Regis_Tranche2Project9_PO-11129_11132_Battery.pdf)
205020211230098,SPO_20220330_Stem_Regis_Tranche 3 Project 2_PO-11213_11219_Battery.pdf (https://dl.airtable.com/.attachments/f12fd790125dd572ec7a1ba7254d97c5/18ae0192/SPO_20220330_Stem_Regis_Tranche3Project2_PO-11213_11219_Battery.pdf)
205020211230102,SPO_20220332_Stem_Regis_Tranche 3 Project 4_PO-11215_11220_Battery.pdf (https://dl.airtable.com/.attachments/f68180c609cc85273ba228616e012427/fa60cdae/SPO_20220332_Stem_Regis_Tranche3Project4_PO-11215_11220_Battery.pdf)
205020211230112,SPO_20220447_Stem_Tranche 4 Project 4_PO-11241_11256_Battery.pdf (https://dl.airtable.com/.attachments/559e1ddc22e58d4b2d1ceebd200ea440/fc2e303f/SPO_20220447_Stem_Tranche4Project4_PO-11241_11256_Battery.pdf)
205020211127012,SPO_20220328_Stem_Regis_Tranche 2 Project 10_PO-11130_11131_Battery.pdf (https://dl.airtable.com/.attachments/4a7bc2bd410bbb38bc1fc363b8ca55a4/c45e20db/SPO_20220328_Stem_Regis_Tranche2Project10_PO-11130_11131_Battery.pdf)
205020211230104,SPO_20220333_Stem_Regis_Tranche 3 Project 5_PO#11216_11221_Battery.pdf (https://dl.airtable.com/.attachments/1b64bc2f97b52d6aea6b17d156a29bcf/1abcb3a2/SPO_20220333_Stem_Regis_Tranche3Project5_PO11216_11221_Battery.pdf)
205020211230114,SPO_20220448_Tranche 4 Project 5_PO-11242_11257_Battery.pdf (https://dl.airtable.com/.attachments/2c8ebe8d06b0a19dc67c0544a4613f88/d856388f/SPO_20220448_Tranche4Project5_PO-11242_11257_Battery.pdf)
205020211230108,SPO_20220446_Stem_Tranche 4 Project 2_PO-11239_11254_Battery.pdf (https://dl.airtable.com/.attachments/f45faca3908d3018b9ed15ce4ef67ba5/5d67c349/SPO_20220446_Stem_Tranche4Project2_PO-11239_11254_Battery.pdf)
205020211230106,SPO_20220444_Stem_Tranche 4 Project 3_PO-11240_11255.pdf (https://dl.airtable.com/.attachments/872ef847e63a2f8b84b1503ef5c45d45/d33c8015/SPO_20220444_Stem_Tranche4Project3_PO-11240_11255.pdf)
205020220216081,SPO_20220487_HEN – JunctionPower Station_WO#14_BESS+PCS.pdf (https://dl.airtable.com/.attachments/995029971c065e9bf7a9dc7e20c4645a/d45ec30c/SPO_20220487_HENJunctionPowerStation_WO14_BESSPCS.pdf)
205020220216093,SPO_20220488__HEN – Hamilton _WO#15_BESS+PCS.pdf (https://dl.airtable.com/.attachments/92b21c1b77b00b21416ee6570ca2df9a/10581e09/SPO_20220488__HENHamilton_WO15_BESSPCS.pdf)
205020220217010,SPO_20220489_HEN – Olney _WO#18_BESS+PCS.pdf (https://dl.airtable.com/.attachments/078300e89b357353c872b76c7db1a4d8/837579b9/SPO_20220489_HENOlney_WO18_BESSPCS.pdf)
205020220216095,SPO_20220486_HEN – Diboll _WO#19_BESS+PCS.pdf (https://dl.airtable.com/.attachments/762221b088e83bb5ab336b19c7cb259c/3a2123a9/SPO_20220486_HENDiboll_WO19_BESSPCS.pdf)
205020220218004,Download SPO_20220435.pdf (https://dl.airtable.com/.attachments/be923bf53eb439f25a2c3ce1d0092078/f1c29843/DownloadSPO_20220435.pdf)
205020211230096,SPO_20220303_Stem Tranche 3_PO-11212_11218 BESS.pdf (https://dl.airtable.com/.attachments/44586bf08bcba520a94c2ae595513a29/93d34619/SPO_20220303_StemTranche3_PO-11212_11218BESS.pdf)
205020220217010,SPO_20220549_HEN – Olney _WO#18_Battery.pdf (https://dl.airtable.com/.attachments/b15d60ef8c1e8df885f92c6ba29feda5/2bb641a8/SPO_20220549_HENOlney_WO18_Battery.pdf)
205020220216081,SPO_20220547_HEN – JunctionPower Station_WO#14_12.47KV_Battery.pdf (https://dl.airtable.com/.attachments/dca2902189d26042520c1496b14da8c1/f11fc8ea/SPO_20220547_HENJunctionPowerStation_WO14_12.47KV_Battery.pdf)
205020220124086,Download SPO_20220581.pdf (https://dl.airtable.com/.attachments/ffffb285412723134a5fd5f6207bf1c1/7fbd09e5/DownloadSPO_20220581.pdf)
205020220216095,SPO_20220545_HEN – Diboll _WO#19_Battery.pdf (https://dl.airtable.com/.attachments/e769d50262c1e28b4e304eb3058d71dc/21b37c27/SPO_20220545_HENDiboll_WO19_Battery.pdf)
205020211230108,SPO_20220309_Stem Tranche 4__PO-11239_11254_BESS.pdf (https://dl.airtable.com/.attachments/1f7e8b0e6faf03ab40fbe4b09d4dec49/285e1caf/SPO_20220309_StemTranche4__PO-11239_11254_BESS.pdf)
205020211230102,SPO_20220306_Stem Tranche 3 _PO-11215_11220 BESS.pdf (https://dl.airtable.com/.attachments/015f384be64491e3e444d76f5331a980/a9db4bbf/SPO_20220306_StemTranche3_PO-11215_11220BESS.pdf)
205020220218004,SPO_20220546_HEN – Gomez Power Station_WO#13_Battery.pdf (https://dl.airtable.com/.attachments/14e1d34829466d5b3caa0c48c10c31c3/39c401ea/SPO_20220546_HENGomezPowerStation_WO13_Battery.pdf)
205020220216093,SPO_20220548_HEN – Hamilton _WO#15_12.47KV_Battery.pdf (https://dl.airtable.com/.attachments/39b5af5606ac7824e633fd2be240b1c5/98546dc8/SPO_20220548_HENHamilton_WO15_12.47KV_Battery.pdf)
205020211230104,SPO_20220307_Stem Tranche 3 _PO-11216_11221 BESS.pdf (https://dl.airtable.com/.attachments/a1b166d2344eb659c2b25755558c9aed/e1778ccb/SPO_20220307_StemTranche3_PO-11216_11221BESS.pdf)
205020220224016 ,SPO_20220401_Stem_PO# 11446_Batteries+Spare parts.pdf (https://dl.airtable.com/.attachments/cfa442bb3b120472b0aa341446a16d08/d9683eee/SPO_20220401_Stem_PO11446_BatteriesSpareparts.pdf)
205020220224036 ,SPO_20220402_Stem_PO#PO# 11447_Batteries+Spare Parts.pdf (https://dl.airtable.com/.attachments/8fca4ad65ca099d29b08dfc5245ae16c/4c3875be/SPO_20220402_Stem_POPO11447_BatteriesSpareParts.pdf)
205020210429050,SPO_20210522_Borrego Main Street PO#71308 PCS.pdf (https://dl.airtable.com/.attachments/240e096225a31ab586b2e756c529aea6/9a6102e6/SPO_20210522_BorregoMainStreetPO71308PCS.pdf)
205020210429050,SPO_20220516_Borrego Main Street_BB004318.pdf (https://dl.airtable.com/.attachments/5513104743eb17c3869322f30fef31d7/951f8bdb/SPO_20220516_BorregoMainStreet_BB004318.pdf)
205020210809112,"SPO_20210579-1_Flexgen_Dickens_PO# B004_WBS05_8583_01_1 Unit SC4000UD.pdf (https://dl.airtable.com/.attachments/53914c657540194934c6b405fcfb3dce/6b3d4229/SPO_20210579-1_Flexgen_Dickens_POB004_WBS05_8583_01_1UnitSC4000UD.pdf),SPO_20210579_Flexgen_Dickens_PO# B004_WBS05_8583_01_PCS.pdf (https://dl.airtable.com/.attachments/6bf88f3c65e7f6e34f2c6d13972eb9f8/2f7f92b4/SPO_20210579_Flexgen_Dickens_POB004_WBS05_8583_01_PCS.pdf)"
205020211230100,SPO_20220305_Stem Tranche 3 _PO-11214_11217 BESS.pdf (https://dl.airtable.com/.attachments/1da05ddd7d887a0dba04ce1049c2d724/d9c61ef5/SPO_20220305_StemTranche3_PO-11214_11217BESS.pdf)
205020211230110,SPO_20220310_Stem Tranche 4__PO-11240_11255_BESS.pdf (https://dl.airtable.com/.attachments/a837ea39aa1166a33f8d30e572c31fb6/6bcc1ae5/SPO_20220310_StemTranche4__PO-11240_11255_BESS.pdf)
205020220124086,Download SPO_20220581.pdf (https://dl.airtable.com/.attachments/15d764244929e53e752a3207407e64f3/298534c2/DownloadSPO_20220581.pdf)
205020211229065,SPO_20220334_Hanwha Q CELLS_Cunningham_TASK ORDER #P0218PPRC-5_BESS+LC.pdf (https://dl.airtable.com/.attachments/d7119b7505901564c0697f6cb064d1dd/d1b74b53/SPO_20220334_HanwhaQCELLS_Cunningham_TASKORDERP0218PPRC-5_BESSLC.pdf)
205020220124086,Download SPO_20220581.pdf (https://dl.airtable.com/.attachments/51c53c098e966e487f90c5b033458ffa/121f2eac/DownloadSPO_20220581.pdf)
205020211229065,SPO_20220334_Hanwha Q CELLS_Cunningham_TASK ORDER #P0218PPRC-5_BESS+LC.pdf (https://dl.airtable.com/.attachments/feb67138df786d7616866fb549148795/d5e46a9a/SPO_20220334_HanwhaQCELLS_Cunningham_TASKORDERP0218PPRC-5_BESSLC.pdf)
205020220124086,SPO_20220582_Key Capture Energy_TX10 PCS TH.pdf (https://dl.airtable.com/.attachments/a1fcaa13a8acaee079d94548f7c09cf1/7ca9e175/SPO_20220582_KeyCaptureEnergy_TX10PCSTH.pdf)
SGUSA2022004,SPO_20220403_KCE-PJT_Stock Up.pdf (https://dl.airtable.com/.attachments/754761b7fee6e1dc74dbc7f5825fc4e0/82e789b5/SPO_20220403_KCE-PJT_StockUp.pdf)
205020220224016 ,SPO_20220401_Stem_PO# 11446_Batteries+Spare parts.pdf (https://dl.airtable.com/.attachments/3c32dbcb554f69050b03f16b0a6cb817/8a9da532/SPO_20220401_Stem_PO11446_BatteriesSpareparts.pdf)
205020220224036 ,SPO_20220402_Stem_PO#PO# 11447_Batteries+Spare Parts.pdf (https://dl.airtable.com/.attachments/7fbbb6a0a120a01c3dab5e744037ea8e/731337e2/SPO_20220402_Stem_POPO11447_BatteriesSpareParts.pdf)
205020220217010,SPO_20220489_HEN – Olney _WO#18_BESS+PCS.pdf (https://dl.airtable.com/.attachments/6e0a4280a512f885894795c2eb9b1641/cdad0f53/SPO_20220489_HENOlney_WO18_BESSPCS.pdf)
205020220216093,SPO_20220488__HEN – Hamilton _WO#15_BESS+PCS.pdf (https://dl.airtable.com/.attachments/84f8c177440c22557dd0685416e028f3/7b069f41/SPO_20220488__HENHamilton_WO15_BESSPCS.pdf)
205020220216095,SPO_20220486_HEN – Diboll _WO#19_BESS+PCS.pdf (https://dl.airtable.com/.attachments/a05fb4dbf82bee2a5e2e1554bf036b27/2cf647ee/SPO_20220486_HENDiboll_WO19_BESSPCS.pdf)
205020220216081,SPO_20220487_HEN – JunctionPower Station_WO#14_BESS+PCS.pdf (https://dl.airtable.com/.attachments/90aec01292148a65d13a15c807547ea9/39ed3cc1/SPO_20220487_HENJunctionPowerStation_WO14_BESSPCS.pdf)
205020220216095,SPO_20220545_HEN – Diboll _WO#19_Battery.pdf (https://dl.airtable.com/.attachments/2eae2742cbbd2cc63ac314172641ab6c/734a0f39/SPO_20220545_HENDiboll_WO19_Battery.pdf)
205020220218004,SPO_20220546_HEN – Gomez Power Station_WO#13_Battery.pdf (https://dl.airtable.com/.attachments/67663d4b5a7effc4fad14544a89e22fc/0fb54a0b/SPO_20220546_HENGomezPowerStation_WO13_Battery.pdf)
205020220216081,SPO_20220547_HEN – JunctionPower Station_WO#14_12.47KV_Battery.pdf (https://dl.airtable.com/.attachments/11c73a68cce3631fa1539563ddfa6d94/ae78cf7b/SPO_20220547_HENJunctionPowerStation_WO14_12.47KV_Battery.pdf)
205020220216093,SPO_20220548_HEN – Hamilton _WO#15_12.47KV_Battery.pdf (https://dl.airtable.com/.attachments/7963ec2007c8fee47a517c6a3a7512bd/54554575/SPO_20220548_HENHamilton_WO15_12.47KV_Battery.pdf)
205020220217010,SPO_20220549_HEN – Olney _WO#18_Battery.pdf (https://dl.airtable.com/.attachments/f96794f558c84eb1d53062149ce2fdd1/09a85440/SPO_20220549_HENOlney_WO18_Battery.pdf)
205020220218004,SPO_20220546_HEN – Gomez Power Station_WO#13_Battery.pdf (https://dl.airtable.com/.attachments/9049dbbf83d40e2a6053503c7de4ca97/8cdda4ad/SPO_20220546_HENGomezPowerStation_WO13_Battery.pdf)
205020220216093,SPO_20220548_HEN – Hamilton _WO#15_12.47KV_Battery.pdf (https://dl.airtable.com/.attachments/ecea78d372068f60da0f6d81d88dacf9/488175ee/SPO_20220548_HENHamilton_WO15_12.47KV_Battery.pdf)
205020220217010,SPO_20220549_HEN – Olney _WO#18_Battery.pdf (https://dl.airtable.com/.attachments/2d2d63ea199aee000c5075a5e1785dd8/1b56b6fb/SPO_20220549_HENOlney_WO18_Battery.pdf)
205020220216095,SPO_20220545_HEN – Diboll _WO#19_Battery.pdf (https://dl.airtable.com/.attachments/81057748bad8773851ecd06ce66cd41f/ff33d83c/SPO_20220545_HENDiboll_WO19_Battery.pdf)
205020220216081,SPO_20220547_HEN – JunctionPower Station_WO#14_12.47KV_Battery.pdf (https://dl.airtable.com/.attachments/addb92931b34a19a8acffb12a553196d/243c9784/SPO_20220547_HENJunctionPowerStation_WO14_12.47KV_Battery.pdf)
205020211229065,SPO_20220334_Hanwha Q CELLS_Cunningham_TASK ORDER #P0218PPRC-5_BESS+LC.pdf (https://dl.airtable.com/.attachments/4012b480513d96ab80878ade442f60f5/abfc1d96/SPO_20220334_HanwhaQCELLS_Cunningham_TASKORDERP0218PPRC-5_BESSLC.pdf)
205020211229065,SPO_20220334_Hanwha Q CELLS_Cunningham_TASK ORDER #P0218PPRC-5_BESS+LC.pdf (https://dl.airtable.com/.attachments/f890422c78e55cb0bc37696df499307c/52731ac7/SPO_20220334_HanwhaQCELLS_Cunningham_TASKORDERP0218PPRC-5_BESSLC.pdf)
205020211230106,SPO_20220308_Stem Tranche 4__PO-11238_11253_BESS.pdf (https://dl.airtable.com/.attachments/164b61b07a9cff9185ab63ee14a6ffdb/0f8f9192/SPO_20220308_StemTranche4__PO-11238_11253_BESS.pdf)
205020211230098,SPO_20220304_Stem Tranche 3 _PO-11213_11219 BESS.pdf (https://dl.airtable.com/.attachments/e099f49fa37cd0a365c99575bd18c956/7b16f2e9/SPO_20220304_StemTranche3_PO-11213_11219BESS.pdf)
205020211230112,SPO_20220311_Stem Tranche 4__PO-11241_11256_BESS.pdf (https://dl.airtable.com/.attachments/f88d755a21a6025bc4da5eadc589937c/e739ab4c/SPO_20220311_StemTranche4__PO-11241_11256_BESS.pdf)
205020211230110,SPO_20220309_Stem Tranche 4__PO-11239_11254_BESS.pdf (https://dl.airtable.com/.attachments/5e58ebd42c1c29796701696c348c3d51/77380c14/SPO_20220309_StemTranche4__PO-11239_11254_BESS.pdf)
205020211230114,SPO_20220312_Stem Tranche 4__PO-11242_11257_BESS.pdf (https://dl.airtable.com/.attachments/549730156096690a76c65b833d3a9dbd/6c1d0241/SPO_20220312_StemTranche4__PO-11242_11257_BESS.pdf)
205020211230104,SPO_20220405_STEM PO#11216_11221_11413_Carbon Monoxide Detector.pdf (https://dl.airtable.com/.attachments/787fbff72866701e6a71661781194152/784fb09e/SPO_20220405_STEMPO11216_11221_11413_CarbonMonoxideDetector.pdf)
205020220120072,Download SPO_20220510.pdf (https://dl.airtable.com/.attachments/533f9203609786f19c2e2d7df3d34756/47df94e7/DownloadSPO_20220510.pdf)
205020220224016 ,SPO_20220401_Stem_PO# 11446_Batteries+Spare parts.pdf (https://dl.airtable.com/.attachments/1888bd1e01eac28d41b200836a298733/01417e5e/SPO_20220401_Stem_PO11446_BatteriesSpareparts.pdf)
205020220224036 ,SPO_20220402_Stem_PO#PO# 11447_Batteries+Spare Parts.pdf (https://dl.airtable.com/.attachments/6327291e059bd63ce3d924d73095f5ee/025b1879/SPO_20220402_Stem_POPO11447_BatteriesSpareParts.pdf)
205020220317184 ,SPO_20220413_Stem PO_11482_BESS.pdf (https://dl.airtable.com/.attachments/443a8f5d09e7ef616eaadbbe8e269468/c761199b/SPO_20220413_StemPO_11482_BESS.pdf)
205020220317188 ,SPO_20220414_Stem PO_11483_BESS.pdf (https://dl.airtable.com/.attachments/bbc3dd27839c4e27d2b6694ce91aaf5a/aa001102/SPO_20220414_StemPO_11483_BESS.pdf)
205020220317190 ,SPO_20220415_Stem PO_11484_BESS.pdf (https://dl.airtable.com/.attachments/07754007cd75a5a48194b13b796d9597/be719588/SPO_20220415_StemPO_11484_BESS.pdf)
205020220317192 ,SPO_20220416_Stem PO_11485_BESS.pdf (https://dl.airtable.com/.attachments/5b85c4f033e1ac51ec5e54f3cfdda3dc/7c9822c7/SPO_20220416_StemPO_11485_BESS.pdf)
205020220317194 ,SPO_20220417_Stem PO_11486_BESS.pdf (https://dl.airtable.com/.attachments/b7b3bc14f7b077988c484511ce58f66c/a4e6dbe1/SPO_20220417_StemPO_11486_BESS.pdf)
205020220317196 ,SPO_20220418_Stem PO_11487_BESS.pdf (https://dl.airtable.com/.attachments/ed83d9a2ced939a12b1360bcaa498ee2/e17dcd95/SPO_20220418_StemPO_11487_BESS.pdf)
205020220317198 ,SPO_20220419_Stem PO_11488_BESS.pdf (https://dl.airtable.com/.attachments/f311a7eb261dbacbcf8ff014a0c215c4/50a5573a/SPO_20220419_StemPO_11488_BESS.pdf)
205020220317200 ,SPO_20220420_Stem PO_11489_BESS.pdf (https://dl.airtable.com/.attachments/86b7f769f85c6761c24e484f2e769e1c/3d886638/SPO_20220420_StemPO_11489_BESS.pdf)
205020220317202 ,SPO_20220421_Stem PO_11490_BESS.pdf (https://dl.airtable.com/.attachments/e9ce9b940863b2c469d63b8a82df3400/21e8dd7d/SPO_20220421_StemPO_11490_BESS.pdf)
205020220317204 ,SPO_20220422_Stem PO_11491_BESS.pdf (https://dl.airtable.com/.attachments/f62d422f74d4364507a9d2bcd89f9478/47da68bc/SPO_20220422_StemPO_11491_BESS.pdf)
205020220323086 ,SPO_20220423_Stem PO_11520_BESS.pdf (https://dl.airtable.com/.attachments/8f07b9461ed0a4d84349d8400fe331b8/78624d61/SPO_20220423_StemPO_11520_BESS.pdf)
205020220323090 ,SPO_20220424_Stem PO_11521_BESS.pdf (https://dl.airtable.com/.attachments/dcec41a37fababf96922bed63c9647fa/d3e24c46/SPO_20220424_StemPO_11521_BESS.pdf)
205020220323098 ,SPO_20220425_Stem PO_11522_BESS.pdf (https://dl.airtable.com/.attachments/e012792a904f7f95b1861dbe7809ba61/414cb11f/SPO_20220425_StemPO_11522_BESS.pdf)
205020220323100 ,SPO_20220426_Stem PO_11523_BESS.pdf (https://dl.airtable.com/.attachments/173cb10e1125bb0b40280453df91fb1a/fb8342ba/SPO_20220426_StemPO_11523_BESS.pdf)
205020220323102 ,SPO_20220427_Stem PO_11524_BESS.pdf (https://dl.airtable.com/.attachments/dece12031a598bd6266c8e27fa89cb82/fcb2a5bf/SPO_20220427_StemPO_11524_BESS.pdf)
205020220323104 ,SPO_20220428_Stem PO_11525_BESS.pdf (https://dl.airtable.com/.attachments/6e6f3695db707d0f61fca054162b86c7/c499ed9d/SPO_20220428_StemPO_11525_BESS.pdf)
205020220323106 ,SPO_20220429_Stem PO_11526_BESS.pdf (https://dl.airtable.com/.attachments/a1f828d2cd59068a2ea68a6bf4a292c2/e21d3a8d/SPO_20220429_StemPO_11526_BESS.pdf)
205020220324012 ,SPO_20220430_Stem PO_11527_BESS.pdf (https://dl.airtable.com/.attachments/3020cd5399a593f0b5080bbaf5a4d512/ec6586d6/SPO_20220430_StemPO_11527_BESS.pdf)
205020220324018 ,SPO_20220431_Stem PO_11528_BESS.pdf (https://dl.airtable.com/.attachments/c770992876ec552fa064d054da6b8cca/c4a9e588/SPO_20220431_StemPO_11528_BESS.pdf)
205020220324020 ,SPO_20220432_Stem PO_11529_BESS.pdf (https://dl.airtable.com/.attachments/7eaed0f718e02fb250b7c8defa9b82d1/5662e6c1/SPO_20220432_StemPO_11529_BESS.pdf)
205020220324024 ,SPO_20220433_Stem PO_11530_BESS.pdf (https://dl.airtable.com/.attachments/e51290222f228aa20986ea88ff0fe4b6/2381d5b2/SPO_20220433_StemPO_11530_BESS.pdf)
205020220324032 ,SPO_20220434_Stem PO_11512_BESS.pdf (https://dl.airtable.com/.attachments/d77279d6a815eba1d0230db2dbba2200/94373cc9/SPO_20220434_StemPO_11512_BESS.pdf)
205020220412095 ,Download SPO_20220583.pdf (https://dl.airtable.com/.attachments/43e7d591e2c1d98ceb3209afbb90bf82/d7bec823/DownloadSPO_20220583.pdf)
205020220412097 ,SPO_20220685_Hunt Energy Network_HEN – WO#21 Mineral Wells East_Accessories.pdf (https://dl.airtable.com/.attachments/3dd9a150363e60955946724e5a7b38df/040cb826/SPO_20220685_HuntEnergyNetwork_HENWO21MineralWellsEast_Accessories.pdf)
205020220412048,SPO_20220622_HEN – Trinty _WO#16_BESS.pdf (https://dl.airtable.com/.attachments/94861d644174ebc88a9b01245517e307/6eea81a7/SPO_20220622_HENTrinty_WO16_BESS.pdf)
205020220412052,SPO_20220623__HEN – Val Verde _WO#17_BESS.pdf (https://dl.airtable.com/.attachments/a0065882b38db4a0024aa1a2bba2ad93/fe487738/SPO_20220623__HENValVerde_WO17_BESS.pdf)
205020220412099 ,SPO_20220584_HEN – Garden City East  _WO-22_Battery.pdf (https://dl.airtable.com/.attachments/b349364db615db7aa962066cc07b3df7/ed1dd19f/SPO_20220584_HENGardenCityEast_WO-22_Battery.pdf)
205020220412111 ,SPO_20220624_HEN – Highway 32  _WO#23_BESS.pdf (https://dl.airtable.com/.attachments/8570586591d51c6f07d2ec36b93c25b7/136cdc83/SPO_20220624_HENHighway32_WO23_BESS.pdf)
205020220412038,SPO_20220625_HEN – Hunt Project 25  _WO#25_BESS+PCS.pdf (https://dl.airtable.com/.attachments/b2a74e5bcc4d3baf624b68d411bb606d/20d5cf9d/SPO_20220625_HENHuntProject25_WO25_BESSPCS.pdf)
205020220411106 ,SPO_20220626_HEN – Hunt Project 24_WO#24_BESS.pdf (https://dl.airtable.com/.attachments/efe833ba06886a23f90dca777863e54d/918bf191/SPO_20220626_HENHuntProject24_WO24_BESS.pdf)
205020220412046 ,SPO_20220627_HEN – Hunt Project 26_WO#26_BESS.pdf (https://dl.airtable.com/.attachments/8533d7b62602c9c87c0d3ac7754b8a5b/c06a6ff1/SPO_20220627_HENHuntProject26_WO26_BESS.pdf)
205020220412044 ,SPO_20220628_HEN – Hunt Project 27 _WO#27_BESS.pdf (https://dl.airtable.com/.attachments/ab814c932daf3ef18a67e19f853bdebb/71879f2d/SPO_20220628_HENHuntProject27_WO27_BESS.pdf)
205020220412101 ,SPO_20220629_HEN – Hunt Project 28_WO#28_BESS.pdf (https://dl.airtable.com/.attachments/61e4872b15e67db477a235013fa0156f/bf45575f/SPO_20220629_HENHuntProject28_WO28_BESS.pdf)
205020220412103 ,SPO_20220630_HEN – Hunt Project 29_WO#29_BESS.pdf (https://dl.airtable.com/.attachments/6bc1736902038e50378f3d40d28d7c78/cd3c4275/SPO_20220630_HENHuntProject29_WO29_BESS.pdf)
205020220412105 ,SPO_20220631_HEN – Hunt Project 30_WO#30_BESS.pdf (https://dl.airtable.com/.attachments/97b43aebf5d75141995d0eac7da19a6e/bef87845/SPO_20220631_HENHuntProject30_WO30_BESS.pdf)
205020220412107 ,SPO_20220632_HEN – Hunt Project 31_WO#31_BESS.pdf (https://dl.airtable.com/.attachments/58ac953f89020a3bc2bf122efb5a15d7/ebd5fb9a/SPO_20220632_HENHuntProject31_WO31_BESS.pdf)
205020220412109 ,SPO_20220633_HEN – Hunt Project 32 _WO#32_BESS.pdf (https://dl.airtable.com/.attachments/003f25d6749dedab90760eecd06965e4/a065ae09/SPO_20220633_HENHuntProject32_WO32_BESS.pdf)
SGUSA2022005,SPO_20220449_KCE Replacement_LC1000+ST2752UX.pdf (https://dl.airtable.com/.attachments/827b5b9d4cbc6abdf8cff480b96d424e/b5eb5845/SPO_20220449_KCEReplacement_LC1000ST2752UX.pdf)
SGUSA2022005	,SPO_20220449_KCE Replacement_LC1000+ST2752UX.pdf (https://dl.airtable.com/.attachments/46285ed5de010a88c4c8834090b31842/a4648cde/SPO_20220449_KCEReplacement_LC1000ST2752UX.pdf)
205020211230116 ,Download SPO_20220442.pdf (https://dl.airtable.com/.attachments/e854d00c86e3f3a246d8bc1358304f78/e306bcbf/DownloadSPO_20220442.pdf)
205020211230118 ,Download SPO_20220442.pdf (https://dl.airtable.com/.attachments/e9d63a090400fb485b6cf70ae7054583/7df4255e/DownloadSPO_20220442.pdf)
205020211230120 ,Download SPO_20220442.pdf (https://dl.airtable.com/.attachments/18b392a4dcebb33dadc36e522c838ea5/067c5a71/DownloadSPO_20220442.pdf)
205020211230122 ,Download SPO_20220442.pdf (https://dl.airtable.com/.attachments/60c7bcbbdd4e413c72a1a10690c80a6b/a6bde279/DownloadSPO_20220442.pdf)
205020211230124 ,Download SPO_20220442.pdf (https://dl.airtable.com/.attachments/7ea147f13e12a2851154b31451ebd176/35f32ad2/DownloadSPO_20220442.pdf)
205020211230116 ,SPO_20220461_Stem_ERCOT Tranche 5 Project 1_PO-11228_11243 Louver.pdf (https://dl.airtable.com/.attachments/fb1b8a45ad0ea0137afc037512a37a8f/3ffe7761/SPO_20220461_Stem_ERCOTTranche5Project1_PO-11228_11243Louver.pdf)
205020211230118 ,SPO_20220462_Stem_Tranche 5 Project 2_PO-11229_11244 Louver.pdf (https://dl.airtable.com/.attachments/013ba2785567f59564c0be3720117355/e3bb5f71/SPO_20220462_Stem_Tranche5Project2_PO-11229_11244Louver.pdf)
205020211230120 ,SPO_20220463_Stem_ERCOT Tranche 5 Project 3_PO-11230_11245 Louver.pdf (https://dl.airtable.com/.attachments/df329a9ef8d01c639c4abd77d7f68fb4/86240268/SPO_20220463_Stem_ERCOTTranche5Project3_PO-11230_11245Louver.pdf)
205020211230122 ,SPO_20220464_Stem_ERCOT Tranche 5 Project 4_PO-11231_11246 Louver.pdf (https://dl.airtable.com/.attachments/aad71672798c8f661c6afc2a9dd18a18/2f74f608/SPO_20220464_Stem_ERCOTTranche5Project4_PO-11231_11246Louver.pdf)
205020211230124 ,SPO_20220465_Stem_ERCOT Tranche 5 Project 5_PO-11232_11247_Louver.pdf (https://dl.airtable.com/.attachments/8d0847ef59afec84dcc14fb25f06a2dd/a0b1b593/SPO_20220465_Stem_ERCOTTranche5Project5_PO-11232_11247_Louver.pdf)
205020211230116 ,Download SPO_20220441.pdf (https://dl.airtable.com/.attachments/c55152da48722b767213893a4cbd49d9/a6b10479/DownloadSPO_20220441.pdf)
205020211230118 ,SPO_20220452_Stem_Tranche 5 Project 2_PO-11229_11244_BESS.pdf (https://dl.airtable.com/.attachments/bf95f9e81132503b04d3b5685f7e7d59/ccda040a/SPO_20220452_Stem_Tranche5Project2_PO-11229_11244_BESS.pdf)
205020211230120 ,SPO_20220453_Stem_Tranche 5 Project 3_PO-11230_11245_BESS.pdf (https://dl.airtable.com/.attachments/6f54dbfff520ce5ea9419777d5dd23a1/7385e36c/SPO_20220453_Stem_Tranche5Project3_PO-11230_11245_BESS.pdf)
205020211230122 ,SPO_20220454_Stem_Tranche 5 Project 4_PO-11231_11246_BESS.pdf (https://dl.airtable.com/.attachments/c5dbd05a2f47604bd5eb60a22a4343ee/2ada0012/SPO_20220454_Stem_Tranche5Project4_PO-11231_11246_BESS.pdf)
205020211230124 ,SPO_20220455_Stem_Tranche 5 Project 5_PO-11232_11247_BESS.pdf (https://dl.airtable.com/.attachments/5c487411fbda62d323514897fbbac48b/621eca7c/SPO_20220455_Stem_Tranche5Project5_PO-11232_11247_BESS.pdf)
205020211230126 ,SPO_20220456_Stem_Tranche 6 Project 1_PO-11233_11248_BESS.pdf (https://dl.airtable.com/.attachments/7aa85cfdaba6961efcd9c1bb32921ec0/7b33f6f1/SPO_20220456_Stem_Tranche6Project1_PO-11233_11248_BESS.pdf)
205020211230128 ,SPO_20220457_Stem_Tranche 6 Project 2_PO-11234_11249_BESS.pdf (https://dl.airtable.com/.attachments/c7d92f83648c21b30d7fc74fc3300c10/feb25b98/SPO_20220457_Stem_Tranche6Project2_PO-11234_11249_BESS.pdf)
205020211230130 ,SPO_20220458_Stem_Tranche 6 Project 3_PO-11235_11250_BESS.pdf (https://dl.airtable.com/.attachments/a84a294e853c6645929387adc875323c/3b5c5be5/SPO_20220458_Stem_Tranche6Project3_PO-11235_11250_BESS.pdf)
205020211230132 ,SPO_20220459_Stem_Tranche 6 Project 4_PO-11236_11251_BESS.pdf (https://dl.airtable.com/.attachments/6e1c9f1fab2d39691d6e11565a7b6672/c1be8a02/SPO_20220459_Stem_Tranche6Project4_PO-11236_11251_BESS.pdf)
205020211230134 ,SPO_20220460_Stem_Tranche 6 Project 5_PO-11237_11252_BESS.pdf (https://dl.airtable.com/.attachments/63b5821e942497c29f0d6b9b641bd398/3e6c3339/SPO_20220460_Stem_Tranche6Project5_PO-11237_11252_BESS.pdf)
205020220224016 ,SPO_20220450_STEM_PO11446_BESS+Enclosure.pdf (https://dl.airtable.com/.attachments/7f15c659ddfe0d1dc24413f1b2d8466e/3b3a99cd/SPO_20220450_STEM_PO11446_BESSEnclosure.pdf)
205020220224016 ,SPO_20220450_STEM_PO11446_BESS+Enclosure.pdf (https://dl.airtable.com/.attachments/080a572e27f306098306de5d961f0a16/f2f723bf/SPO_20220450_STEM_PO11446_BESSEnclosure.pdf)
205020220224036 ,SPO_20220451_STEM_PO11447_BESS+Enclosure.pdf (https://dl.airtable.com/.attachments/b4146b5735fc9b3eaad8dde90e9c6f53/d0e51751/SPO_20220451_STEM_PO11447_BESSEnclosure.pdf)
205020220224036 ,SPO_20220451_STEM_PO11447_BESS+Enclosure.pdf (https://dl.airtable.com/.attachments/63e3b2e654a0c361f7397deeb580ce5e/8c4215b5/SPO_20220451_STEM_PO11447_BESSEnclosure.pdf)
205020220120072,Download SPO_20220510.pdf (https://dl.airtable.com/.attachments/b2391bf7fc84e9e9d9673a80ccd82dae/08859b4e/DownloadSPO_20220510.pdf)
205020220120072,Download SPO_20220510.pdf (https://dl.airtable.com/.attachments/4f572cd845b97813cb92ad716eee7861/a65dbe58/DownloadSPO_20220510.pdf)
205020220120072,Download SPO_20220510.pdf (https://dl.airtable.com/.attachments/22ae8af99e56fa39054cc78538928a8d/8fb86a15/DownloadSPO_20220510.pdf)
205020211230106 ,Download SPO_20220533.pdf (https://dl.airtable.com/.attachments/a99b1322431734926bde29c2a1726405/3fd5c0ed/DownloadSPO_20220533.pdf)
205020211230108 ,Download SPO_20220534.pdf (https://dl.airtable.com/.attachments/ef02d3b0eea54414612003509c794059/c3406e8d/DownloadSPO_20220534.pdf)
205020211230110 ,Download SPO_20220535.pdf (https://dl.airtable.com/.attachments/d0b290355b6dc768e7d155798f6af2c6/45015fbc/DownloadSPO_20220535.pdf)
205020211230114 ,Download SPO_20220537.pdf (https://dl.airtable.com/.attachments/66dbc8483842aa2a327b479ca9ed944f/836a9ccd/DownloadSPO_20220537.pdf)
205020211230114 ,Download SPO_20220537.pdf (https://dl.airtable.com/.attachments/c509728608e8fd49b1dd10563944ac6d/01145da5/DownloadSPO_20220537.pdf)
205020211230116 ,SPO_20220538_Stem_Tranche 5 Project 1_PO#11228_11243_Battery.pdf (https://dl.airtable.com/.attachments/99ddaa82d7e9e686405bb3b2ebdc480a/2f48ddf0/SPO_20220538_Stem_Tranche5Project1_PO11228_11243_Battery.pdf)
205020211230118 ,SPO_20220539_Stem_Tranche 5 Project 2_PO#11229_11244_Battery.pdf (https://dl.airtable.com/.attachments/b111d1b37e0ba4fb757fe7e2aaa0fa85/4eec9d42/SPO_20220539_Stem_Tranche5Project2_PO11229_11244_Battery.pdf)
205020211230120 ,SPO_20220540_Stem_Tranche 5 Project 3_PO#11230_11245_Battery.pdf (https://dl.airtable.com/.attachments/fe6fd176183ab47e95e69f62ce66048d/756f0228/SPO_20220540_Stem_Tranche5Project3_PO11230_11245_Battery.pdf)
205020211230122 ,SPO_20220541_Stem_Tranche 5 Project 4_PO#11231_11246_Battery.pdf (https://dl.airtable.com/.attachments/50c53ed82b919856da194ca7f07a7ced/f1f4db2a/SPO_20220541_Stem_Tranche5Project4_PO11231_11246_Battery.pdf)
205020211230124 ,SPO_20220542_Stem_Tranche 5 Project 5_PO#11232_11247_Battery.pdf (https://dl.airtable.com/.attachments/f040d0d8d7dcadfa99949b87dd2c6849/b2ef2ae5/SPO_20220542_Stem_Tranche5Project5_PO11232_11247_Battery.pdf)
205020211230116 ,SPO_20220538_Stem_Tranche 5 Project 1_PO#11228_11243_Battery.pdf (https://dl.airtable.com/.attachments/1c8b5dfcd2f410f66a7c6017b34d194f/6177a5ec/SPO_20220538_Stem_Tranche5Project1_PO11228_11243_Battery.pdf)
205020211230118 ,SPO_20220539_Stem_Tranche 5 Project 2_PO#11229_11244_Battery.pdf (https://dl.airtable.com/.attachments/c82331dd93c448fd0e615dc6889bedf6/78897206/SPO_20220539_Stem_Tranche5Project2_PO11229_11244_Battery.pdf)
205020211230120 ,SPO_20220540_Stem_Tranche 5 Project 3_PO#11230_11245_Battery.pdf (https://dl.airtable.com/.attachments/dd299197767d79d203202a2b84d38625/e550dc7e/SPO_20220540_Stem_Tranche5Project3_PO11230_11245_Battery.pdf)
205020211230122 ,SPO_20220541_Stem_Tranche 5 Project 4_PO#11231_11246_Battery.pdf (https://dl.airtable.com/.attachments/54eca3ee75b7f792e27c27240baf213a/e22449aa/SPO_20220541_Stem_Tranche5Project4_PO11231_11246_Battery.pdf)
205020211230124 ,SPO_20220542_Stem_Tranche 5 Project 5_PO#11232_11247_Battery.pdf (https://dl.airtable.com/.attachments/afc5a1edcc89a80c4678294533c99bc8/04808136/SPO_20220542_Stem_Tranche5Project5_PO11232_11247_Battery.pdf)
205020210809112,Download SPO_20220544.pdf (https://dl.airtable.com/.attachments/73b702e94aba847374ed6095f2734773/8c6688fb/DownloadSPO_20220544.pdf)
205020211230116 ,SPO_20220550_STEM Tranche 5_PCS.pdf (https://dl.airtable.com/.attachments/bc49df0723f718a998cb5c7e59659a2e/399a26a4/SPO_20220550_STEMTranche5_PCS.pdf)
205020211230118 ,SPO_20220550_STEM Tranche 5_PCS.pdf (https://dl.airtable.com/.attachments/8a6bdba66413f1ed7d10b2ec8a2a3683/13e168a8/SPO_20220550_STEMTranche5_PCS.pdf)
205020211230120 ,SPO_20220550_STEM Tranche 5_PCS.pdf (https://dl.airtable.com/.attachments/0ba6b68ba673ec76fe25da7c6878accf/aaadcb56/SPO_20220550_STEMTranche5_PCS.pdf)
205020211230122 ,SPO_20220550_STEM Tranche 5_PCS.pdf (https://dl.airtable.com/.attachments/f82faeb5ab41fa1463790c88130b1923/b0cc97c6/SPO_20220550_STEMTranche5_PCS.pdf)
205020211230124 ,SPO_20220550_STEM Tranche 5_PCS.pdf (https://dl.airtable.com/.attachments/dcb1edfbd73890af09bc559c22724e43/cf62ced1/SPO_20220550_STEMTranche5_PCS.pdf)
205020211230126 ,SPO_20220551_STEM Tranche 6_PCS.pdf (https://dl.airtable.com/.attachments/41d67b90ee4cc6182311aff543e91236/ad2ae639/SPO_20220551_STEMTranche6_PCS.pdf)
205020211230128 ,SPO_20220551_STEM Tranche 6_PCS.pdf (https://dl.airtable.com/.attachments/67551e1c396da6c9d19e0fd524a1fb3c/5e05ce78/SPO_20220551_STEMTranche6_PCS.pdf)
205020211230130 ,SPO_20220551_STEM Tranche 6_PCS.pdf (https://dl.airtable.com/.attachments/3c3762ef6256bdf13f185f13481e3707/cc806b4e/SPO_20220551_STEMTranche6_PCS.pdf)
205020211230132 ,SPO_20220551_STEM Tranche 6_PCS.pdf (https://dl.airtable.com/.attachments/08e8dc7e3a98ceccb598decb9a24c874/20c6619c/SPO_20220551_STEMTranche6_PCS.pdf)
205020211230134 ,SPO_20220551_STEM Tranche 6_PCS.pdf (https://dl.airtable.com/.attachments/cd4965f4fd17827e5f92078b2be3f289/b742a5f2/SPO_20220551_STEMTranche6_PCS.pdf)
205020220412048,SPO_20220600_HEN – Trinty _WO#16 PCS.pdf (https://dl.airtable.com/.attachments/fef8a941ddc9e47ee79609b2f3390a57/834f646c/SPO_20220600_HENTrinty_WO16PCS.pdf)
205020220412048,SPO_20220686_HEN – Trinty _WO#16_Accessories.pdf (https://dl.airtable.com/.attachments/4ace50c475ec895d0d0696f85b234617/4e8e3989/SPO_20220686_HENTrinty_WO16_Accessories.pdf)
205020220412048,SPO_20220585_HEN – Trinty _WO#16_Battery.pdf (https://dl.airtable.com/.attachments/83230d2a186ebe50d287234446830b04/cf640927/SPO_20220585_HENTrinty_WO16_Battery.pdf)
205020220412048,SPO_20220686_HEN – Trinty _WO#16_Accessories.pdf (https://dl.airtable.com/.attachments/920cf2be7bb81d1050a8b33c41ba517d/28c3a2b1/SPO_20220686_HENTrinty_WO16_Accessories.pdf)
205020220412052,SPO_20220601_HEN – Val Verde _WO#17_PCS TH.pdf (https://dl.airtable.com/.attachments/1c6ffdd157362c20526f52b46e9fdfab/36c90bb1/SPO_20220601_HENValVerde_WO17_PCSTH.pdf)
205020220412052,SPO_20220687_HEN – Val Verde _WO#17_Accessories.pdf (https://dl.airtable.com/.attachments/8b3cf708f830f6e00b524e204eee792e/c4b16bfc/SPO_20220687_HENValVerde_WO17_Accessories.pdf)
205020220412052,SPO_20220586_HEN – Val Verde _WO#17_Battery.pdf (https://dl.airtable.com/.attachments/a1c4027e478d797923b5646e1c5f28bf/119855ad/SPO_20220586_HENValVerde_WO17_Battery.pdf)
205020220412052,SPO_20220687_HEN – Val Verde _WO#17_Accessories.pdf (https://dl.airtable.com/.attachments/70d420f194d6998303bb5aabbf278da8/4e76187e/SPO_20220687_HENValVerde_WO17_Accessories.pdf)
205020220412052,SPO_20220601_HEN – Val Verde _WO#17_PCS TH.pdf (https://dl.airtable.com/.attachments/430956e185375684610e5948264d339e/4e4710ed/SPO_20220601_HENValVerde_WO17_PCSTH.pdf)
205020220411106 ,SPO_20220674_HEN – Hunt Project 24_WO#24_PCS.pdf (https://dl.airtable.com/.attachments/dfa30590e0c17e49b505b005ec13d094/ef231176/SPO_20220674_HENHuntProject24_WO24_PCS.pdf)
205020220411106 ,SPO_20220587_HEN – Hunt Project 24_WO#24_Battery.pdf (https://dl.airtable.com/.attachments/ed600b298324d64c3675df471edcf6af/e1972dee/SPO_20220587_HENHuntProject24_WO24_Battery.pdf)
205020220412095 ,SPO_20220688_HEN – Farmersville _WO#20_Accessories.pdf (https://dl.airtable.com/.attachments/a1113c5f89c651feef6edd5859fc934d/e9022ed7/SPO_20220688_HENFarmersville_WO20_Accessories.pdf)
205020220412095 ,SPO_20220688_HEN – Farmersville _WO#20_Accessories.pdf (https://dl.airtable.com/.attachments/fe546c4407e8c08dcd94800a7f31757b/34801b23/SPO_20220688_HENFarmersville_WO20_Accessories.pdf)
205020220412095 ,SPO_20220634_HEN – Farmersville _WO#20_BESS.pdf (https://dl.airtable.com/.attachments/aa2c8be6077e62ff88972b8ffc5820ef/853d31ab/SPO_20220634_HENFarmersville_WO20_BESS.pdf)
205020220412095 ,SPO_20220602_HEN – Farmersville _WO#20 PCS TH.pdf (https://dl.airtable.com/.attachments/8cb1ba23f5422825f4d4cf969b1df7cc/de54a3d7/SPO_20220602_HENFarmersville_WO20PCSTH.pdf)
205020220412099 ,SPO_20220689_HEN – Garden City East  _WO#22_Accessories.pdf (https://dl.airtable.com/.attachments/647777cc895e699aef5d503ba0b1c458/e6eb9af1/SPO_20220689_HENGardenCityEast_WO22_Accessories.pdf)
205020220412099 ,SPO_20220689_HEN – Garden City East  _WO#22_Accessories.pdf (https://dl.airtable.com/.attachments/9d7f63a575233ce4a085da309c0b99d6/84841ab8/SPO_20220689_HENGardenCityEast_WO22_Accessories.pdf)
205020220412099 ,SPO_20220636_HEN – Garden City East  _WO#22_BESS.pdf (https://dl.airtable.com/.attachments/ce2e20bd0631c790fca6239f708be30c/ffa6d534/SPO_20220636_HENGardenCityEast_WO22_BESS.pdf)
205020220412099 ,SPO_20220603_HEN – Garden City East  _WO#22 PCS TH.pdf (https://dl.airtable.com/.attachments/c1190957af4c497f13f81d332fd8942d/e06db3cd/SPO_20220603_HENGardenCityEast_WO22PCSTH.pdf)
205020220412111 ,SPO_20220604_HEN – Highway 32  _WO#23 PCS TH.pdf (https://dl.airtable.com/.attachments/c94abe289f12820c7a1125b769b91eff/10409bae/SPO_20220604_HENHighway32_WO23PCSTH.pdf)
205020220412111 ,SPO_20220690_ _HEN – Highway 32  _WO#23 _Accessories.pdf (https://dl.airtable.com/.attachments/99566a7797eb237fbe361165e4fa95a0/649addd7/SPO_20220690__HENHighway32_WO23_Accessories.pdf)
205020220412111 ,SPO_20220588_HEN – Highway 32  _WO#23_Battery.pdf (https://dl.airtable.com/.attachments/e24e8cda534dbea707e2dffbfb78d4a2/5cc03695/SPO_20220588_HENHighway32_WO23_Battery.pdf)
205020220412111 ,SPO_20220690_ _HEN – Highway 32  _WO#23 _Accessories.pdf (https://dl.airtable.com/.attachments/18165d32b196c60747d3274fef82e4d3/4fd910c5/SPO_20220690__HENHighway32_WO23_Accessories.pdf)
205020220412046 ,SPO_20220675_HEN – Hunt Project 26_WO#26_PCS.pdf (https://dl.airtable.com/.attachments/6863e1ccec680819b4fe29b5b3c9ef2c/e3468b4f/SPO_20220675_HENHuntProject26_WO26_PCS.pdf)
205020220412046 ,SPO_20220591_HEN – Hunt Project 26_WO#26_Battery.pdf (https://dl.airtable.com/.attachments/4a6e3518b7db8f08941e2ac56b79f0c6/4a1b8aa1/SPO_20220591_HENHuntProject26_WO26_Battery.pdf)
205020220412044 ,SPO_20220676_HEN – Hunt Project 27 _WO#27_PCS.pdf (https://dl.airtable.com/.attachments/1018f9e899e39eadc59597bb27c6cefc/bb0a1c96/SPO_20220676_HENHuntProject27_WO27_PCS.pdf)
205020220412044 ,SPO_20220592_HEN – Hunt Project 27 _WO#27_Battery.pdf (https://dl.airtable.com/.attachments/e3edc1a5da02296de7f734831567b17c/9583b68f/SPO_20220592_HENHuntProject27_WO27_Battery.pdf)
205020220412101 ,SPO_20220695_HEN – Hunt Project 28_WO#28_PCS.pdf (https://dl.airtable.com/.attachments/d6279d0c2f8c65941cab9468dbd1a477/09e3fe79/SPO_20220695_HENHuntProject28_WO28_PCS.pdf)
205020220412101 ,SPO_20220593_HEN – Hunt Project 28_WO#28_Battery.pdf (https://dl.airtable.com/.attachments/dd1e58b986fa69fa1efb29b73fcdcf77/c15b9130/SPO_20220593_HENHuntProject28_WO28_Battery.pdf)
205020220412103 ,SPO_20220677_HEN – Hunt Project 29_WO#29_PCS.pdf (https://dl.airtable.com/.attachments/923ee19cdc1683a15c44e577f2f7942e/d754bfa1/SPO_20220677_HENHuntProject29_WO29_PCS.pdf)
205020220412103 ,SPO_20220691_HEN – Hunt Project 29_WO#29_Accessories.pdf (https://dl.airtable.com/.attachments/b9e8c3864f2b969eb52b28f97bb19921/a767920d/SPO_20220691_HENHuntProject29_WO29_Accessories.pdf)
205020220412103 ,SPO_20220594_HEN – Hunt Project 29_WO#29_Battery.pdf (https://dl.airtable.com/.attachments/33c94ceee5c50ed859d35b9be931e7fa/d12895de/SPO_20220594_HENHuntProject29_WO29_Battery.pdf)
205020220412103 ,SPO_20220691_HEN – Hunt Project 29_WO#29_Accessories.pdf (https://dl.airtable.com/.attachments/de38df581a1b65d36af158fc1be101cb/24cceffe/SPO_20220691_HENHuntProject29_WO29_Accessories.pdf)
205020220412105 ,SPO_20220678_HEN – Hunt Project 30_WO#30_PCS.pdf (https://dl.airtable.com/.attachments/8f1ce2d7fdc3ac7cd6d39c7b738feaa6/410964b9/SPO_20220678_HENHuntProject30_WO30_PCS.pdf)
205020220412105 ,SPO_20220692_HEN – Hunt Project 30_WO#30_Accessories.pdf (https://dl.airtable.com/.attachments/942a61dba667a4e610fcde8561d779ef/3a3f4f83/SPO_20220692_HENHuntProject30_WO30_Accessories.pdf)
205020220412105 ,SPO_20220595__HEN – Hunt Project 30_WO#30_Battery.pdf (https://dl.airtable.com/.attachments/f02e44d8ef9bcda3f946091fc13a884d/5be661b3/SPO_20220595__HENHuntProject30_WO30_Battery.pdf)
205020220412105 ,SPO_20220692_HEN – Hunt Project 30_WO#30_Accessories.pdf (https://dl.airtable.com/.attachments/48e96164ce40a6a785faa1ed8a9fa43a/222910a1/SPO_20220692_HENHuntProject30_WO30_Accessories.pdf)
205020220412107 ,SPO_20220679_HEN – Hunt Project 31_WO#31_PCS.pdf (https://dl.airtable.com/.attachments/2710b30a06b625555562e8a2ee2fec39/c434fbd4/SPO_20220679_HENHuntProject31_WO31_PCS.pdf)
205020220412107 ,SPO_20220596_HEN – Hunt Project 31_WO-31_Battery.pdf (https://dl.airtable.com/.attachments/0f26958190b3646141a20914ba7b529f/5753b725/SPO_20220596_HENHuntProject31_WO-31_Battery.pdf)
205020220412109 ,SPO_20220680_HEN – Hunt Project 32 _WO#32_PCS.pdf (https://dl.airtable.com/.attachments/217a7a334e82a46d4df53d08d9914b47/a5ea956d/SPO_20220680_HENHuntProject32_WO32_PCS.pdf)
205020220412109 ,SPO_20220694_HEN – Hunt Project 32 _WO#32_Accessories.pdf (https://dl.airtable.com/.attachments/cf0cc7854368c52b63a04c82a05e56fb/d4b611a4/SPO_20220694_HENHuntProject32_WO32_Accessories.pdf)
205020220412109 ,SPO_20220597_HEN – Hunt Project 32 _WO-32_Battery.pdf (https://dl.airtable.com/.attachments/28d7fb7c0bc3a90007f67ae7a7550390/66229ce3/SPO_20220597_HENHuntProject32_WO-32_Battery.pdf)
205020220412097 ,SPO_20220605_HEN – Mineral Wells East _WO#21 PCS TH.pdf (https://dl.airtable.com/.attachments/e38c16180c705a2a37a50fc810eb7f98/14c159e7/SPO_20220605_HENMineralWellsEast_WO21PCSTH.pdf)
205020220412097 ,SPO_20220685_Hunt Energy Network_HEN – WO#21 Mineral Wells East_Accessories.pdf (https://dl.airtable.com/.attachments/378865bab7154bfe0b39e4a214ee44ce/f6c9cf9a/SPO_20220685_HuntEnergyNetwork_HENWO21MineralWellsEast_Accessories.pdf)
205020220412097 ,SPO_20220598_HEN – Mineral Wells East _WO#21_Battery.pdf (https://dl.airtable.com/.attachments/c4cea224bc528174491afb089a2a69d4/fc629ce1/SPO_20220598_HENMineralWellsEast_WO21_Battery.pdf)
205020220412097 ,SPO_20220635_HEN – Mineral Wells East _WO#21_BESS.pdf (https://dl.airtable.com/.attachments/77381c5f944ba61c0f4454a8f5d8d81a/e9dc64e8/SPO_20220635_HENMineralWellsEast_WO21_BESS.pdf)
205020220412038,SPO_20220625_HEN – Hunt Project 25  _WO#25_BESS+PCS.pdf (https://dl.airtable.com/.attachments/ef49388cda9a31d422859b2f1c39e950/56f16950/SPO_20220625_HENHuntProject25_WO25_BESSPCS.pdf)
205020220412038,SPO_2022059_HEN – Hunt Project 25  _WO#25_Battery.pdf (https://dl.airtable.com/.attachments/b2f9e5614eff98e1350f12b3ba8d3bea/4c596826/SPO_2022059_HENHuntProject25_WO25_Battery.pdf)
205020211230126 ,SPO_20220655_Stem_ERCOT_Tranche 6 Project 1_PO#11233_11248_Battery.pdf (https://dl.airtable.com/.attachments/db2ddd989b95856bd345fbe99bc3aa8c/fb74eb11/SPO_20220655_Stem_ERCOT_Tranche6Project1_PO11233_11248_Battery.pdf)
205020211230128 ,SPO_20220656_Stem_ERCOT_Tranche 6 Project 2_PO#11234_11249_Battery.pdf (https://dl.airtable.com/.attachments/4756c36bb5ca7c62cb000b2206d4b671/7eff89d4/SPO_20220656_Stem_ERCOT_Tranche6Project2_PO11234_11249_Battery.pdf)
205020211230130 ,SPO_20220657_Stem_ERCOT_Tranche 6 Project 3_PO#11235_11250_Battery.pdf (https://dl.airtable.com/.attachments/5b77e98843366c8421d3f764f2b2f053/e5f1a455/SPO_20220657_Stem_ERCOT_Tranche6Project3_PO11235_11250_Battery.pdf)
205020211230132 ,SPO_20220658_Stem_ERCOT_Tranche 6 Project 4_PO#11236_11251_Battery.pdf (https://dl.airtable.com/.attachments/3c3a32205fad7ffe69310f3a8de68b85/de80ea50/SPO_20220658_Stem_ERCOT_Tranche6Project4_PO11236_11251_Battery.pdf)
205020211230134 ,SPO_20220659_Stem_ERCOT_Tranche 6 Project 5_PO#11237_11252_Battery.pdf (https://dl.airtable.com/.attachments/111e11a4bf6b03ca8596eb2ac447f8a3/68cec32a/SPO_20220659_Stem_ERCOT_Tranche6Project5_PO11237_11252_Battery.pdf)
205020220124088,SPO_20220589_KCE_TX15_PCS TH.pdf (https://dl.airtable.com/.attachments/6474c6e77f2ccef7bb043eaf49c07c63/722bd214/SPO_20220589_KCE_TX15_PCSTH.pdf)
205020220124088,SPO_20220590_KCE_TX15_BESS+Spare parts.pdf (https://dl.airtable.com/.attachments/aee978520a6de70e795becfc3e421361/89b0f4e3/SPO_20220590_KCE_TX15_BESSSpareparts.pdf)
205020220124088,SPO_20220590_KCE_TX15_BESS+Spare parts.pdf (https://dl.airtable.com/.attachments/cce25da7590ed2ca832076ca34f7a25c/170c92f8/SPO_20220590_KCE_TX15_BESSSpareparts.pdf)
205020220124088,SPO_20220590_KCE_TX15_BESS+Spare parts.pdf (https://dl.airtable.com/.attachments/07ffaa987f1aae81cc4c6d9c5a120064/5fe1bf1c/SPO_20220590_KCE_TX15_BESSSpareparts.pdf)
205020220515002,SPO_20220642_Stem_Syn_Park Drive_PO#11608_BESS+PCS.pdf (https://dl.airtable.com/.attachments/c62ea2c20b970a63cb3086e7c0bd97ed/a561b23b/SPO_20220642_Stem_Syn_ParkDrive_PO11608_BESSPCS.pdf)
205020220515002,SPO_20220642_Stem_Syn_Park Drive_PO#11608_BESS+PCS.pdf (https://dl.airtable.com/.attachments/81118784335c3ebbebc9b928ee6da6fa/f154461a/SPO_20220642_Stem_Syn_ParkDrive_PO11608_BESSPCS.pdf)
205020220515004,SPO_20220644_Stem_Syn_Carver_PO#11607_BESS+PCS.pdf (https://dl.airtable.com/.attachments/f928775883d90db7ab2e567d37bba46b/4d4d3c3a/SPO_20220644_Stem_Syn_Carver_PO11607_BESSPCS.pdf)
205020220515004,SPO_20220644_Stem_Syn_Carver_PO#11607_BESS+PCS.pdf (https://dl.airtable.com/.attachments/5f558cc79453ce5e4c92f07e681ebb00/e00906e0/SPO_20220644_Stem_Syn_Carver_PO11607_BESSPCS.pdf)
205020220513064,SPO_20220645Stem_Gallo Farms Cheese_PO#11609_PCS.pdf (https://dl.airtable.com/.attachments/d573bb240ccd8331dc17f187fcf5bae5/7f5f4bb3/SPO_20220645Stem_GalloFarmsCheese_PO11609_PCS.pdf)
205020220412109 ,SPO_20220694_HEN – Hunt Project 32 _WO#32_Accessories.pdf (https://dl.airtable.com/.attachments/8ecb7ae386a54dc787e11856ac4565b5/f3236317/SPO_20220694_HENHuntProject32_WO32_Accessories.pdf)
205020220513064,SPO_20220720_Stem_Gallo Farms Cheese_PO#11609_BESS+LC.pdf (https://dl.airtable.com/.attachments/db4480706484740b025ae5f7134ebeff/81e4446b/SPO_20220720_Stem_GalloFarmsCheese_PO11609_BESSLC.pdf)
205020220513064,SPO_20220720_Stem_Gallo Farms Cheese_PO#11609_BESS+LC.pdf (https://dl.airtable.com/.attachments/334b7a7824fac3b2c6338951025c1887/44a72c03/SPO_20220720_Stem_GalloFarmsCheese_PO11609_BESSLC.pdf)
205020220513064,SPO_20220720_Stem_Gallo Farms Cheese_PO#11609_BESS+LC.pdf (https://dl.airtable.com/.attachments/fe5da684d06673d25dbbed79493cce63/41338642/SPO_20220720_Stem_GalloFarmsCheese_PO11609_BESSLC.pdf)